Source Image,Matched URL
Billb_404.jpg,https://ssl.gstatic.com/gb/images/bar/al-icon.png
Billb_404.jpg,http://stat.ameba.jp/user_images/20130404/23/chikochan-com/75/88/j/o0570038012488138973.jpg
Billb_404.jpg,https://pds.exblog.jp/pds/1/201904/03/49/d0063149_16565757.jpg
Billb_404.jpg,https://livedoor.blogimg.jp/arahi0225/imgs/1/3/137799f3.jpg
Billb_404.jpg,https://tblg.k-img.com/restaurant/images/Rvw/100346/a8faebed157b8b00dc420986db5f46b4.jpg
Billb_404.jpg,http://retro-kissa.tokyo/wp-content/uploads/2019/06/DSCF4145-100x100.jpg
Billb_404.jpg,https://media-cdn.tripadvisor.com/media/photo-i/0d/1b/e7/cd/caption.jpg
Billb_404.jpg,https://manga-danwa.com/wp-content/uploads/2021/07/東京リベンジャーズ　聖地-2-1024x1024.jpeg
Billb_404.jpg,https://www.shutterstock.com/image-photo/front-view-bakehouse-building-bakery-260nw-1440450635.jpg
Billb_404.jpg,https://tblg.k-img.com/restaurant/images/Rvw/310021/320x320_square_95a948235c90421e090cec991d97ae8a.jpg
Billb_404.jpg,https://s3-media0.fl.yelpcdn.com/bphoto/MUJYsPHsRdIlvkoj5gZONQ/l.jpg
Billb_404.jpg,https://lookaside.fbsbx.com/lookaside/crawler/instagram/DMsLGuzTyx7/3/image.jpg
Billb_404.jpg,https://tblg.k-img.com/restaurant/images/Rvw/136850/640x640_rect_136850210.jpg
Billb_404.jpg,https://live.staticflickr.com/1028/705557469_41a858ccb1.jpg
Billb_404.jpg,https://a0.muscache.com/im/pictures/6fc86e3a-1316-425a-bbaf-8c9829e923e3.jpg
Billb_404.jpg,https://st5.depositphotos.com/85350226/70075/i/450/depositphotos_700752780-stock-photo-store-front-table-bench.jpg
Billb_404.jpg,https://media-cdn.tripadvisor.com/media/photo-s/0e/c5/00/eb/welcome-to-pryde-s.jpg
Billb_404.jpg,https://magnify.michigandaily.us/best_of_ann_arbor_2016/images/pizza house (ann arbor).jpg
Billb_404.jpg,https://static.where-e.com/United_States/Cherry-Street-Cellar_43d95406b6f444246361b94256503bce.jpg
Billb_404.jpg,"https://res.klook.com/klook-hotel/image/upload/fl_lossy.progressive,c_fill,f_auto,w_750,q_85/trip/22051b000001baruz4525.jpg"
Billb_404.jpg,https://images.wear2.jp/coordinate/4XiqWpjm/5YVStvON/1648630644_500.jpg
Billb_404.jpg,https://cdn.cheapoguides.com/wp-content/uploads/sites/3/2025/03/P1025208-562x421.jpeg
Billb_404.jpg,https://i.pinimg.com/736x/c5/36/3a/c5363ab91363d033a03733c3abee11e5.jpg
Billb_404.jpg,https://images.squarespace-cdn.com/content/v1/5e1a1c1b79b1df2af2fe4a49/22e91bba-f236-473b-8601-8c0ba7e23095/5.jpg
Billb_404.jpg,https://dynamic-media-cdn.tripadvisor.com/media/photo-o/13/2b/61/70/caption.jpg
Billb_405.jpg,https://ssl.gstatic.com/gb/images/bar/al-icon.png
Billb_405.jpg,https://media-cdn.tripadvisor.com/media/photo-p/0f/44/f9/83/caption.jpg
Billb_405.jpg,https://live.staticflickr.com/8579/16206793816_311d0ccf64_b.jpg
Billb_405.jpg,https://images.pond5.com/tokyo-metro-minowa-station-street-footage-269086484_iconm.jpeg
Billb_405.jpg,https://media-cdn.tripadvisor.com/media/photo-i/0f/15/f5/03/ingresso-a-yurakucho.jpg
Billb_405.jpg,https://upload.wikimedia.org/wikipedia/commons/thumb/d/db/Yamagata_station_(51843582914).jpg/120px-Yamagata_station_(51843582914).jpg
Billb_405.jpg,https://lookaside.fbsbx.com/lookaside/crawler/threads/DM7qaFMBXdQ/4/image.jpg
Billb_405.jpg,https://media-cdn.tripadvisor.com/media/photo-p/0c/fe/a4/f3/caption.jpg
Billb_405.jpg,https://old-tokyo.info/wp-content/uploads/2017/01/tegona-senbei-380x260.jpg
Billb_405.jpg,https://live.staticflickr.com/1472/23625379544_1fd394fd6f_z.jpg
Billb_405.jpg,https://media-cdn.tripadvisor.com/media/photo-s/0f/15/f5/03/ingresso-a-yurakucho.jpg
Billb_405.jpg,https://tblg.k-img.com/restaurant/images/Rvw/33777/640x640_rect_33777432.jpg
Billb_405.jpg,https://s3-media0.fl.yelpcdn.com/bphoto/E6dV8Ks2xM_wxorZT71F6w/348s.jpg
Billb_405.jpg,https://media-cdn.tripadvisor.com/media/photo-s/19/e8/3e/94/caption.jpg
Billb_405.jpg,https://media-cdn.tripadvisor.com/media/photo-s/06/8a/24/80/matsuba-soba.jpg
Billb_405.jpg,https://media-cdn.tripadvisor.com/media/photo-i/1d/9f/48/5e/caption.jpg
Billb_405.jpg,https://lookaside.fbsbx.com/lookaside/crawler/instagram/DBoKHYuPykI/0/image.jpg
Billb_405.jpg,https://upload.wikimedia.org/wikipedia/commons/thumb/b/b8/都島駅1号出入口.jpg/250px-都島駅1号出入口.jpg
Billb_405.jpg,https://grapeejapan.com/wp-content/uploads/13733_02.jpg
Billb_405.jpg,https://i.ytimg.com/vi/I6enIBbKRGA/hqdefault.jpg
Billb_405.jpg,https://www.yuzawasnowlink.com/summer/img/cont2_img04.jpg
Billb_405.jpg,https://live.staticflickr.com/5590/14756975138_5a88cc0bd3_c.jpg
