Source Image,Scraped URL
Billb_365.jpg,https://media-cdn.tripadvisor.com/media/photo-s/07/d0/b4/df/caption.jpg
Billb_365.jpg,"https://blogimg.goo.ne.jp/image/upload/f_auto,q_auto,t_image_sp_entry/v1/user_image/23/4f/5b398475910761dcadf01515cfe06bc8.jpg"
Billb_365.jpg,https://media-cdn.tripadvisor.com/media/photo-m/1280/25/e6/af/22/caption.jpg
Billb_365.jpg,https://i.pinimg.com/736x/90/07/04/900704a0630ae387db3b613aa9793e67.jpg
Billb_365.jpg,https://live.staticflickr.com/4014/4491380687_773a46b800_b.jpg
Billb_365.jpg,https://cdn-ak.f.st-hatena.com/images/fotolife/s/sabinek/20130824/20130824080209.jpg
Billb_365.jpg,https://lookaside.fbsbx.com/lookaside/crawler/threads/C6oF-WVh0bD/3/image.jpg
Billb_365.jpg,https://i.ytimg.com/vi/AvtrvKKMjnk/sddefault.jpg
Billb_365.jpg,https://tblg.k-img.com/restaurant/images/Rvw/101754/320x320_square_101754572.jpg
Billb_365.jpg,https://s3-media0.fl.yelpcdn.com/bphoto/RgTE7y-vODmthAKQstos5Q/348s.jpg
Billb_365.jpg,https://dynamic-media-cdn.tripadvisor.com/media/photo-o/2e/49/da/a3/caption.jpg?w\u003d900\u0026h\u003d500\u0026s\u003d1
Billb_365.jpg,https://tblg.k-img.com/restaurant/images/Rvw/52931/640x640_rect_52931446.jpg
Billb_365.jpg,https://i.ytimg.com/vi/xlbCNogn6Fw/oardefault.jpg?sqp\u003d-oaymwEYCJUDENAFSFqQAgHyq4qpAwcIARUAAIhC\u0026rs\u003dAOn4CLBN7IBgNuW3sR7D2W-7yvdbsNbMyw
Billb_365.jpg,https://tblg.k-img.com/restaurant/images/Rvw/152055/320x320_square_152055918.jpg
Billb_365.jpg,https://miro.medium.com/v2/resize:fit:4896/1*_NDgO1Q1WkylOM1BCJSuVg.jpeg
Billb_365.jpg,https://tblg.k-img.com/restaurant/images/Rvw/25630/9d0d5d8be76ed5bdabb06b853316ec2c.jpg
Billb_365.jpg,https://faitaujapon.com/img/articles/thumbs/20180311_plus_grande_glace_japon_40_cm_2.jpg
Billb_365.jpg,https://i.pinimg.com/736x/64/4c/18/644c18de13c31ce0b8e074eb322db9bc.jpg
Billb_365.jpg,https://i.pinimg.com/474x/6d/22/ba/6d22bac9935d80d22fd896d7b787693f.jpg
Billb_365.jpg,https://taberu.sakuradakozue.com/wp-content/uploads/2020/03/coffeeduet8.jpg
Billb_365.jpg,https://tblg.k-img.com/restaurant/images/Rvw/222974/640x640_rect_4c444d4b815436410fc8b25410dd08d3.jpg
Billb_365.jpg,https://pbs.twimg.com/media/GyZBpyJaoAACA2u.jpg
Billb_365.jpg,https://tblg.k-img.com/restaurant/images/Rvw/128120/128120989.jpg
Billb_365.jpg,https://tblg.k-img.com/restaurant/images/Rvw/263568/640x640_rect_62017e37e27b9c57f99779b3fc9caf45.jpg
Billb_365.jpg,https://img.restaurantguru.com/reb5-Sankets-Cafe-view.jpg
Billb_365.jpg,https://tblg.k-img.com/restaurant/images/Rvw/5907/640x640_rect_5907059.jpg
Billb_365.jpg,https://assets.st-note.com/production/uploads/images/79552302/60677b5076ae4b4c3f08f5cfc48e1ae0.jpg
Billb_365.jpg,https://www.shutterstock.com/shutterstock/photos/1257233821/display_1500/stock-photo-sept-karuizawa-japan-mikado-coffee-is-a-famous-stall-selling-coffee-drink-and-also-mocha-1257233821.jpg
Billb_365.jpg,https://cdn.amebaowndme.com/madrid-prd/madrid-web/images/sites/784313/b668f51a6dedfc60a03afdbb09bd5ac2_9fcaa8a1f8eeba357075ec66c30aa2d8.jpg?width\u003d960
Billb_366.jpg,https://media-cdn.tripadvisor.com/media/photo-s/08/88/20/34/caption.jpg
Billb_366.jpg,https://media-cdn.tripadvisor.com/media/photo-p/19/f9/44/48/caption.jpg
Billb_366.jpg,https://commons.wikimedia.org/wiki/File:Betokon-Ramen-Shinkyo-Kinenbashi-Nagoya.jpg
Billb_366.jpg,https://stat.ameba.jp/user_images/20231011/18/tear-drop-piromi/a7/49/j/o1080144015349605177.jpg
Billb_366.jpg,https://dynamic-media-cdn.tripadvisor.com/media/photo-o/19/86/54/ca/caption.jpg?w\u003d500\u0026h\u003d-1\u0026s\u003d1
Billb_366.jpg,https://dynamic-media-cdn.tripadvisor.com/media/photo-o/23/16/e7/a8/caption.jpg?w\u003d500\u0026h\u003d-1\u0026s\u003d1
Billb_366.jpg,https://cf.bstatic.com/xdata/images/hotel/max1024x768/206148658.jpg?k\u003da54ac63bf674f2a6faebc8536e9d892c98463947b48e92d0513a78e69dae11da\u0026o\u003d\u0026hp\u003d1
Billb_366.jpg,https://s3-media0.fl.yelpcdn.com/bphoto/B6VSoVDt7Xm6SJXFKMTwqw/348s.jpg
Billb_366.jpg,https://media-cdn.tripadvisor.com/media/photo-i/0f/0c/b7/06/caption.jpg
Billb_366.jpg,https://i.ebayimg.com/images/g/n~AAAeSwTLdoCOYI/s-l1200.jpg
Billb_366.jpg,https://i.ytimg.com/vi/oUarOU9agdk/hq720.jpg?sqp\u003d-oaymwEhCK4FEIIDSFryq4qpAxMIARUAAAAAGAElAADIQj0AgKJD\u0026rs\u003dAOn4CLAwmlRAuYAWwCzPf86Dvdb9i2BpGQ
Billb_366.jpg,https://media-cdn.tripadvisor.com/media/photo-s/1c/6b/26/b9/caption.jpg
Billb_366.jpg,https://pix10.agoda.net/hotelImages/9364464/0/98c7ba3da513472d902fdf5d316bfdce.jpg?ca\u003d9\u0026ce\u003d1\u0026s\u003d414x232
Billb_366.jpg,https://dynamic-media-cdn.tripadvisor.com/media/photo-o/2a/76/bc/bd/caption.jpg?w\u003d1200\u0026h\u003d-1\u0026s\u003d1
Billb_366.jpg,https://i.redd.it/俺流塩ラーメン-oreryu-shio-ramen-v0-up68jkbdf6jf1.jpg?width\u003d3024\u0026format\u003dpjpg\u0026auto\u003dwebp\u0026s\u003d1019501c133c2714c192a0b8cdbab0ecd42dc5ce
Billb_366.jpg,https://miro.medium.com/v2/resize:fit:6048/1*tiuLv_y5TlXLdQQvAFwpyg@2x.jpeg
Billb_366.jpg,https://dynamic-media-cdn.tripadvisor.com/media/photo-o/29/57/f4/04/caption.jpg?w\u003d1100\u0026h\u003d1100\u0026s\u003d1
Billb_366.jpg,https://live.staticflickr.com/7310/8908287200_353e8a424e_w.jpg
Billb_366.jpg,https://dynamic-media-cdn.tripadvisor.com/media/photo-o/09/bf/8c/68/photo0jpg.jpg?w\u003d200\u0026h\u003d200\u0026s\u003d1
Billb_366.jpg,https://ak-d.tripcdn.com/images/0236b224x9154o2fi261A_R_214_214_R5.webp?default\u003d1
Billb_366.jpg,https://dynamic-media-cdn.tripadvisor.com/media/photo-o/0e/a4/df/2f/photo2jpg.jpg?w\u003d500\u0026h\u003d-1\u0026s\u003d1
Billb_366.jpg,https://i.ytimg.com/vi/JjuMHQi8RTc/maxresdefault.jpg
Billb_366.jpg,http://i.gzn.jp/img/2015/12/01/komeda-choco-noir/p3290631.jpg
Billb_366.jpg,https://media-cdn.tripadvisor.com/media/photo-s/11/b6/8f/d4/caption.jpg
Billb_366.jpg,https://s3-media0.fl.yelpcdn.com/bphoto/dEc8_LS7BQ0zrzyEjTr4jg/348s.jpg
Billb_366.jpg,https://tvablog.tv-asahi.co.jp/reading/logirl/wp-content/uploads/sites/505/2024/05/img1-640x640.jpg
Billb_366.jpg,https://png.pngtree.com/png-vector/20250813/ourlarge/pngtree-foodie-festival-delicious-art-typography-png-image_17169858.webp
Billb_366.jpg,https://lookaside.fbsbx.com/lookaside/crawler/instagram/mu_mu_mu._/profile_pic.jpg
Billb_366.jpg,https://dynamic-media-cdn.tripadvisor.com/media/photo-o/1b/45/4d/8b/caption.jpg?w\u003d900\u0026h\u003d500\u0026s\u003d1
Billb_366.jpg,https://media-cdn.tripadvisor.com/media/photo-s/0f/d8/65/37/p-20170711-151810-largejpg.jpg
Billb_366.jpg,https://tblg.k-img.com/restaurant/images/Rvw/199935/320x320_square_f187c03235c883040479c2f99fc5cb89.jpg
Billb_366.jpg,https://media-cdn.tripadvisor.com/media/photo-s/06/9d/8e/70/caption.jpg
Billb_366.jpg,http://i.gzn.jp/img/2016/11/01/komeda-azuki-komachi/P3990523.jpg
Billb_366.jpg,https://dynamic-media-cdn.tripadvisor.com/media/photo-o/0f/92/d7/e1/caption.jpg?w\u003d500\u0026h\u003d-1\u0026s\u003d1
Billb_366.jpg,https://i.gzn.jp/img/2018/07/13/komeda-shironoir-royal-peach/p4540310.jpg
Billb_366.jpg,https://media-cdn.tripadvisor.com/media/photo-s/13/03/78/88/2.jpg
Billb_366.jpg,https://stat.ameba.jp/user_images/20250806/05/musuiteisyujinn/a7/43/j/o0448033615646930110.jpg
Billb_366.jpg,https://s3-media0.fl.yelpcdn.com/bphoto/-k91Nt-3hBjGevbt0_dzfA/180s.jpg
Billb_366.jpg,https://dynamic-media-cdn.tripadvisor.com/media/photo-o/1a/22/84/87/20191126-073551-largejpg.jpg?w\u003d800\u0026h\u003d800\u0026s\u003d1
Billb_366.jpg,https://s3-media0.fl.yelpcdn.com/bphoto/qyVHm5y9iSFF5xWYcsipog/348s.jpg
Billb_366.jpg,https://mblogthumb-phinf.pstatic.net/MjAyNTAxMTlfMjAz/MDAxNzM3MjEzODY1Nzk1.J8VFvRghvcVTSlwmr0rHr_TSkKTul0Pl_Np0oLE9cUog.zykA6s_wWcB0Pt5GaNfJUV8BmRnuJhNwFLmdJyzHUOkg.JPEG/SE-900B287E-E420-42AE-B074-E0D4FC07CE37.jpg?type\u003dw400
Billb_366.jpg,https://ik.imagekit.io/ftoobeznjtf/tr:w-400/images/restaurant/1953x.jpg?ik-sdk-version\u003druby-1.0.9
Billb_366.jpg,https://japanrestaurant.net/wp/wp-content/uploads/2021/01/a_C3A3809-440x380.jpeg
Billb_366.jpg,https://upload.wikimedia.org/wikipedia/commons/1/11/Betokon-Ramen-Shinkyo-Kinenbashi-Nagoya.jpg
Billb_366.jpg,http://i.gzn.jp/img/2016/03/22/komeda-taiyou-orange-green-tea/a01.jpg
Billb_366.jpg,http://i.gzn.jp/img/2017/08/04/komeda-jellyco-mango-yoghurt/P1055875.jpg
Billb_366.jpg,https://jonellepatrick.me/wp-content/uploads/2022/10/ranzusmokingcoffee1.jpg?w\u003d1200
Billb_367.jpg,https://s3-media0.fl.yelpcdn.com/bphoto/a-kq8ZAsrSExHlU_qoXoLA/180s.jpg
Billb_367.jpg,https://ximg.retty.me/crop/s400x400/q80/das/-/retty/img_repo/2l/01/30225522.jpg
Billb_367.jpg,https://ak-d.tripcdn.com/images/1mi4o224x8vjpbvf3D2D2_R_600_400_R5_Q90.jpg?proc\u003dsource/trip
Billb_367.jpg,https://lookaside.fbsbx.com/lookaside/crawler/threads/DCtqUkpTQnS/1/image.jpg
Billb_367.jpg,https://live.staticflickr.com/7364/9435505377_a531825d90_b.jpg
Billb_367.jpg,https://media-cdn.tripadvisor.com/media/photo-s/0d/af/21/12/201611.jpg
Billb_367.jpg,https://media-cdn.tripadvisor.com/media/photo-i/13/54/ca/d1/caption.jpg
Billb_367.jpg,https://dynamic-media-cdn.tripadvisor.com/media/photo-o/16/e6/52/a5/screenshot-20190322-121602.jpg?w\u003d900\u0026h\u003d900\u0026s\u003d1
Billb_367.jpg,https://media-cdn.tripadvisor.com/media/photo-s/0e/3b/c3/48/caption.jpg
Billb_367.jpg,https://live.staticflickr.com/659/22578524192_0b4ac4482f_z.jpg
Billb_367.jpg,https://dynamic-media-cdn.tripadvisor.com/media/photo-o/0d/e0/86/fd/photo9jpg.jpg?w\u003d900\u0026h\u003d500\u0026s\u003d1
Billb_367.jpg,https://static8.orstatic.com/userphoto2/photo/27/1QGW/0CC84BDFAD38F7CB19065Bsx.jpg
Billb_367.jpg,https://live.staticflickr.com/7357/16214759598_f23ab5594a_z.jpg
Billb_367.jpg,https://lookaside.fbsbx.com/lookaside/crawler/instagram/sootkopi.sg/profile_pic.jpg
Billb_367.jpg,https://s3-media0.fl.yelpcdn.com/bphoto/J2nS_WNDAReHwM0OgRmUTQ/180s.jpg
Billb_367.jpg,https://tblg.k-img.com/restaurant/images/Rvw/295531/200x200_square_94c7ec2a30f5cc9b4356f00d61f27093.jpg
Billb_367.jpg,https://tblg.k-img.com/restaurant/images/Rvw/177808/640x640_rect_e2535ebdf581e9a2a5fc852b6ef58ca6.jpg
Billb_367.jpg,https://tblg.k-img.com/restaurant/images/Rvw/305507/640x640_rect_14be02cc9b7e32c9392a6c54925f8934.jpg
Billb_367.jpg,https://lookaside.fbsbx.com/lookaside/crawler/threads/DDnrhAoT1k2/3/image.jpg
Billb_367.jpg,https://live.staticflickr.com/7291/8987619242_5b2b5862bb_b.jpg
Billb_367.jpg,https://i.ytimg.com/vi/B3Zcqc0XalI/mqdefault.jpg
Billb_367.jpg,https://static5.orstatic.com/userphoto2/photo/27/1QHD/0CCBGO12CFCB224AA86B76sx.jpg
Billb_367.jpg,https://saigonbrick.com.vn/wp-content/uploads/2024/01/APC_0239_hu99cf6d9baf1a7dfeacf96fb725ac1eca_484271_3840x2160_fit_q80_h2_lanczos.webp
Billb_367.jpg,https://static6.orstatic.com/userphoto3/photo/2N/23HN/0EWTJHDF159C3CAB320E40sx.webp
Billb_367.jpg,https://www.porta-y.jp/wp-content/uploads/2021/01/gourmet-cafe_sagano-210112-3.jpg
Billb_367.jpg,https://afpakmachine.com/wp-content/uploads/2020/05/China-New-Coffee-trends.jpg
Billb_367.jpg,https://live.staticflickr.com/7556/15929826701_1ff8c00e28_b.jpg
